{"name":"e0e9faf0-5265-4484-97b2-bcab284bd31e","id":"/providers/Microsoft.Flow/flows/e0e9faf0-5265-4484-97b2-bcab284bd31e","type":"Microsoft.Flow/flows","properties":{"apiId":"/providers/Microsoft.PowerApps/apis/shared_logicflows","displayName":"ADBJobsList","definition":{"metadata":{"workflowEntityId":null,"processAdvisorMetadata":null,"flowclientsuspensionreason":"None","flowclientsuspensiontime":null,"creator":{"id":"d6d97a3c-3ffe-4001-a0f2-5a806fcb5bab","type":"User","tenantId":"ddb72b0c-6ba3-4e40-8d34-ce9c6717bc94"},"provisioningMethod":"FromDefinition","failureAlertSubscription":true,"clientLastModifiedTime":"2021-10-06T19:00:40.3424725Z"},"$schema":"https://schema.management.azure.com/providers/Microsoft.Logic/schemas/2016-06-01/workflowdefinition.json#","contentVersion":"1.0.0.0","parameters":{"$authentication":{"defaultValue":{},"type":"SecureObject"}},"triggers":{"manual":{"type":"Request","kind":"PowerApp","inputs":{"schema":{"type":"object","properties":{},"required":[]}}}},"actions":{"HTTP_2":{"runAfter":{},"type":"Http","inputs":{"method":"GET","uri":"https://adb-1962311870977623.3.azuredatabricks.net/api/2.0/jobs/list","headers":{"Authorization":"Bearer dapi6d7e8e4bd47c7a18de190a5f0316d1db-3"}}},"Parse_JSON_2":{"runAfter":{"HTTP_2":["Succeeded"]},"type":"ParseJson","inputs":{"content":"@body('HTTP_2')","schema":{"type":"object","properties":{"jobs":{"type":"array","items":{"type":"object","properties":{"job_id":{"type":"integer"},"settings":{"type":"object","properties":{"name":{"type":"string"},"new_cluster":{"type":"object","properties":{"spark_version":{"type":"string"},"node_type_id":{"type":"string"},"num_workers":{"type":"integer"}}},"libraries":{"type":"array","items":{"type":"object","properties":{"jar":{"type":"string"},"maven":{"type":"object","properties":{"coordinates":{"type":"string"}}}},"required":[]}},"timeout_seconds":{"type":"integer"},"max_retries":{"type":"integer"},"schedule":{"type":"object","properties":{"quartz_cron_expression":{"type":"string"},"timezone_id":{"type":"string"},"pause_status":{"type":"string"}}},"spark_jar_task":{"type":"object","properties":{"main_class_name":{"type":"string"}}}}},"created_time":{"type":"integer"}},"required":["job_id","settings","created_time"]}}}}}},"Respond_to_a_PowerApp_or_flow":{"runAfter":{"HTTP_2":["Succeeded"]},"type":"Response","kind":"PowerApp","inputs":{"statusCode":200,"body":{"body":"@{body('HTTP_2')}"},"schema":{"type":"object","properties":{"body":{"title":"Body","x-ms-dynamically-added":true,"type":"string"}}}}}}},"connectionReferences":{},"flowFailureAlertSubscribed":false}}