{"name":"d78ba4cc-3a50-43b1-a4ed-673631c1bc7e","id":"/providers/Microsoft.Flow/flows/d78ba4cc-3a50-43b1-a4ed-673631c1bc7e","type":"Microsoft.Flow/flows","properties":{"apiId":"/providers/Microsoft.PowerApps/apis/shared_logicflows","displayName":"SynapseRunJob","definition":{"metadata":{"workflowEntityId":null,"processAdvisorMetadata":null,"flowclientsuspensionreason":"None","flowclientsuspensiontime":null,"creator":{"id":"1d75c53b-2f24-4c91-b0af-24425770b160","type":"User","tenantId":"800d472c-8288-4f27-8978-f726a7a3d1f0"},"provisioningMethod":"FromDefinition","failureAlertSubscription":true,"clientLastModifiedTime":"2021-10-07T00:55:38.37226Z"},"$schema":"https://schema.management.azure.com/providers/Microsoft.Logic/schemas/2016-06-01/workflowdefinition.json#","contentVersion":"1.0.0.0","parameters":{"$authentication":{"defaultValue":{},"type":"SecureObject"}},"triggers":{"manual":{"type":"Request","kind":"PowerApp","inputs":{"schema":{"type":"object","properties":{},"required":[]}}}},"actions":{"HTTP":{"runAfter":{},"type":"Http","inputs":{"method":"POST","uri":"https://35da38b3-96f6-4fa5-b23e-7f9e59d4becd.webhook.eus2.azure-automation.net/webhooks?token=I1RaVWMZ4jzXEbIxafRoBPR4ZxVUKI2djc3H%2bxPlhys%3d","headers":{"Content-Type":"application/json"},"body":{"WORKSPACE":"synapsehiram2","PIPELINE":"wait","RG":"rig"}}},"Respond_to_a_PowerApp_or_flow":{"runAfter":{"HTTP":["Succeeded"]},"type":"Response","kind":"PowerApp","inputs":{"statusCode":200,"body":{"body":"@{body('HTTP')}","jobids":"@{body('HTTP')?['JobIds']}"},"schema":{"type":"object","properties":{"body":{"title":"Body","x-ms-dynamically-added":true,"type":"string"},"jobids":{"title":"JobIds","x-ms-dynamically-added":true,"type":"string"}}}}}}},"connectionReferences":{},"flowFailureAlertSubscribed":false}}