{"name":"a6679e93-65f9-43ff-b049-08636a90216a","id":"/providers/Microsoft.Flow/flows/a6679e93-65f9-43ff-b049-08636a90216a","type":"Microsoft.Flow/flows","properties":{"apiId":"/providers/Microsoft.PowerApps/apis/shared_logicflows","displayName":"SQL","definition":{"metadata":{"workflowEntityId":null,"processAdvisorMetadata":null,"flowclientsuspensionreason":"None","flowclientsuspensiontime":null,"creator":{"id":"d6d97a3c-3ffe-4001-a0f2-5a806fcb5bab","type":"User","tenantId":"ddb72b0c-6ba3-4e40-8d34-ce9c6717bc94"},"provisioningMethod":"FromDefinition","failureAlertSubscription":true,"clientLastModifiedTime":"2021-10-01T22:38:05.1285881Z"},"$schema":"https://schema.management.azure.com/providers/Microsoft.Logic/schemas/2016-06-01/workflowdefinition.json#","contentVersion":"1.0.0.0","parameters":{"$connections":{"defaultValue":{},"type":"Object"},"$authentication":{"defaultValue":{},"type":"SecureObject"}},"triggers":{"manual":{"type":"Request","kind":"PowerApp","inputs":{"schema":{"type":"object","properties":{"Deleterow(V2)_Servername":{"type":"string","description":"Name of SQL server","x-ms-powerflows-param-ispartial":false},"Deleterow(V2)_Databasename":{"type":"string","description":"Database name","x-ms-powerflows-param-ispartial":false},"Deleterow(V2)_Rowid":{"type":"string","description":"Unique identifier of the row to delete","x-ms-powerflows-param-ispartial":false},"Insertrow(V2)_a1":{"type":"integer","format":"int32","x-ms-powerflows-param-ispartial":false},"Insertrow(V2)_b1":{"type":"integer","format":"int32","x-ms-powerflows-param-ispartial":false},"Insertrow(V2)_c1":{"type":"string","x-ms-powerflows-param-ispartial":false}},"required":["Deleterow(V2)_Servername","Deleterow(V2)_Databasename","Deleterow(V2)_Rowid","Insertrow(V2)_a1","Insertrow(V2)_b1","Insertrow(V2)_c1"]}}}},"actions":{"Delete_row_(V2)":{"runAfter":{},"type":"OpenApiConnection","inputs":{"host":{"apiId":"/providers/Microsoft.PowerApps/apis/shared_sql","connectionName":"shared_sql_1","operationId":"DeleteItem_V2"},"parameters":{"server":"hfpocws1.sql.azuresynapse.net","database":"hfpocsqlpool1","table":"t1","id":"@triggerBody()['Deleterow(V2)_Rowid']"},"authentication":{"value":"@json(decodeBase64(triggerOutputs().headers['X-MS-APIM-Tokens']))['$ConnectionKey']","type":"Raw"}}},"Insert_row_(V2)":{"runAfter":{"Delete_row_(V2)":["Succeeded"]},"type":"OpenApiConnection","inputs":{"host":{"apiId":"/providers/Microsoft.PowerApps/apis/shared_sql","connectionName":"shared_sql_1","operationId":"PostItem_V2"},"parameters":{"server":"hfpocws1.sql.azuresynapse.net","database":"hfpocsqlpool1","table":"t1","item/a1":"@triggerBody()['Insertrow(V2)_a1']","item/b1":"@triggerBody()['Insertrow(V2)_b1']","item/c1":"@triggerBody()['Insertrow(V2)_c1']"},"authentication":{"value":"@json(decodeBase64(triggerOutputs().headers['X-MS-APIM-Tokens']))['$ConnectionKey']","type":"Raw"}}}}},"connectionReferences":{"shared_sql_1":{"connectionName":"0b51e2ab3317433987f63a09005da7f3","source":"Invoker","id":"/providers/Microsoft.PowerApps/apis/shared_sql","tier":"NotSpecified"}},"flowFailureAlertSubscribed":false}}