{"name":"b93c854b-2904-4e11-bd66-08f7c85b39fa","id":"/providers/Microsoft.Flow/flows/b93c854b-2904-4e11-bd66-08f7c85b39fa","type":"Microsoft.Flow/flows","properties":{"apiId":"/providers/Microsoft.PowerApps/apis/shared_logicflows","displayName":"SQLUpdate_t3","definition":{"metadata":{"workflowEntityId":null,"processAdvisorMetadata":null,"flowclientsuspensionreason":"None","flowclientsuspensiontime":null,"creator":{"id":"d6d97a3c-3ffe-4001-a0f2-5a806fcb5bab","type":"User","tenantId":"ddb72b0c-6ba3-4e40-8d34-ce9c6717bc94"},"provisioningMethod":"FromDefinition","failureAlertSubscription":true,"clientLastModifiedTime":"2021-10-08T20:41:59.2422095Z"},"$schema":"https://schema.management.azure.com/providers/Microsoft.Logic/schemas/2016-06-01/workflowdefinition.json#","contentVersion":"1.0.0.0","parameters":{"$connections":{"defaultValue":{},"type":"Object"},"$authentication":{"defaultValue":{},"type":"SecureObject"}},"triggers":{"manual":{"type":"Request","kind":"PowerApp","inputs":{"schema":{"type":"object","properties":{"ExecuteaSQLquery(V2)_query":{"type":"string","description":"Query Text. This parameter is used as part of \"BB577D2F-B79A-4146-A29F-1CBF5EBE9994\"","x-ms-powerflows-param-ispartial":true},"ExecuteaSQLquery(V2)_query_1":{"type":"string"},"ExecuteaSQLquery(V2)_query_2":{"type":"string"}},"required":["ExecuteaSQLquery(V2)_query","ExecuteaSQLquery(V2)_query_1","ExecuteaSQLquery(V2)_query_2"]}}}},"actions":{"Respond_to_a_PowerApp_or_flow":{"runAfter":{"Execute_a_SQL_query_(V2)":["Succeeded"]},"type":"Response","kind":"PowerApp","inputs":{"statusCode":200,"body":{"body":"@{body('Execute_a_SQL_query_(V2)')?['Body']}"},"schema":{"type":"object","properties":{"body":{"title":"Body","x-ms-dynamically-added":true,"type":"string"}}}}},"Execute_a_SQL_query_(V2)":{"runAfter":{},"type":"OpenApiConnection","inputs":{"host":{"apiId":"/providers/Microsoft.PowerApps/apis/shared_sqldw","connectionName":"shared_sqldw","operationId":"ExecutePassThroughNativeQueryV2"},"parameters":{"server":"default","database":"default","query/query":"update t3 set \nxx = '@{triggerBody()['ExecuteaSQLquery(V2)_query']}',\nyy='@{triggerBody()['ExecuteaSQLquery(V2)_query_1']}'\nwhere ww=@{triggerBody()['ExecuteaSQLquery(V2)_query_2']}"},"authentication":{"value":"@json(decodeBase64(triggerOutputs().headers['X-MS-APIM-Tokens']))['$ConnectionKey']","type":"Raw"}}}}},"connectionReferences":{"shared_sqldw":{"connectionName":"shared-sqldw-4ea3e9a9-4dde-44d2-8108-bc7b-59cfe605","source":"Invoker","id":"/providers/Microsoft.PowerApps/apis/shared_sqldw","tier":"NotSpecified"}},"flowFailureAlertSubscribed":false}}