{"name":"358fba4b-83cd-4641-acef-0dc76ec380a7","id":"/providers/Microsoft.Flow/flows/358fba4b-83cd-4641-acef-0dc76ec380a7","type":"Microsoft.Flow/flows","properties":{"apiId":"/providers/Microsoft.PowerApps/apis/shared_logicflows","displayName":"HelloAutomation","definition":{"metadata":{"workflowEntityId":null,"processAdvisorMetadata":null,"flowclientsuspensionreason":"None","flowclientsuspensiontime":null,"creator":{"id":"1d75c53b-2f24-4c91-b0af-24425770b160","type":"User","tenantId":"800d472c-8288-4f27-8978-f726a7a3d1f0"},"provisioningMethod":"FromDefinition","failureAlertSubscription":true,"clientLastModifiedTime":"2021-10-07T03:38:50.1022816Z"},"$schema":"https://schema.management.azure.com/providers/Microsoft.Logic/schemas/2016-06-01/workflowdefinition.json#","contentVersion":"1.0.0.0","parameters":{"$connections":{"defaultValue":{},"type":"Object"},"$authentication":{"defaultValue":{},"type":"SecureObject"}},"triggers":{"manual":{"type":"Request","kind":"PowerApp","inputs":{"schema":{"type":"object","properties":{},"required":[]}}}},"actions":{"HTTP":{"runAfter":{},"type":"Http","inputs":{"method":"POST","uri":"https://35da38b3-96f6-4fa5-b23e-7f9e59d4becd.webhook.eus2.azure-automation.net/webhooks?token=Dg9Sdr1mevTi8RkLOlOqFLywG85WTtDijEOL3dEXmdw%3d","headers":{"Content-type":"application/json"},"body":[{"Name":"Hawaii"},{"Name":"Florida"},{"Name":"Seattle"}]}},"Parse_JSON":{"runAfter":{"HTTP":["Succeeded"]},"type":"ParseJson","inputs":{"content":"@body('HTTP')","schema":{"type":"object","properties":{"JobIds":{"type":"array","items":{"type":"string"}}}}}},"Apply_to_each":{"foreach":"@body('Parse_JSON')?['JobIds']","actions":{"Set_variable":{"runAfter":{},"type":"SetVariable","inputs":{"name":"jobids","value":"@items('Apply_to_each')"}}},"runAfter":{"Initialize_variable":["Succeeded"]},"type":"Foreach"},"Initialize_variable":{"runAfter":{"Parse_JSON":["Succeeded"]},"type":"InitializeVariable","inputs":{"variables":[{"name":"jobids","type":"string","value":"@{body('Parse_JSON')?['JobIds']}"}]}},"Get_job_output":{"runAfter":{"Delay":["Succeeded"]},"type":"OpenApiConnection","inputs":{"host":{"apiId":"/providers/Microsoft.PowerApps/apis/shared_azureautomation","connectionName":"shared_azureautomation","operationId":"GetJobOutput"},"parameters":{"subscriptionId":"eaab21d5-8ecd-4ef0-a0c4-92fac2e22875","resourceGroupName":"rig","automationAccount":"sweetlou","jobId":"@variables('jobids')"},"authentication":{"value":"@json(decodeBase64(triggerOutputs().headers['X-MS-APIM-Tokens']))['$ConnectionKey']","type":"Raw"}}},"Delay":{"runAfter":{"Apply_to_each":["Succeeded"]},"type":"Wait","inputs":{"interval":{"count":30,"unit":"Second"}}}}},"connectionReferences":{"shared_azureautomation":{"connectionName":"shared-azureautomati-89989a36-37b0-4ec4-a5da-6381-54ef4def","source":"Invoker","id":"/providers/Microsoft.PowerApps/apis/shared_azureautomation","tier":"NotSpecified"}},"flowFailureAlertSubscribed":false}}