{"schemaVersion":"1.0","appDefinitionTemplate":{"id":"/providers/Microsoft.PowerApps/apps/","type":"Microsoft.PowerApps/apps","tags":{"primaryDeviceWidth":"1366","primaryDeviceHeight":"768","sienaVersion":"20211006T163415Z-3.21092.24.0","deviceCapabilities":"","supportsPortrait":"true","supportsLandscape":"true","primaryFormFactor":"Tablet","publisherVersion":"3.21092.24","minimumRequiredApiVersion":"2.2.0","hasComponent":"false","hasUnlockedComponent":"false","isUnifiedRootApp":"false"},"properties":{"appVersion":"2021-10-06T16:34:15Z","lifeCycleId":"Published","createdByClientVersion":{"major":3,"minor":21092,"build":24,"revision":0,"majorRevision":0,"minorRevision":0},"minClientVersion":{"major":3,"minor":21092,"build":24,"revision":0,"majorRevision":0,"minorRevision":0},"backgroundColor":"rgba(39, 113, 194, 1)","backgroundImageUri":"/7942400125692627020/N4e9aad1e-5189-4cdf-a5dd-0b28ed6f8131-logoSmallFile","displayName":"UniParksDemo","description":"","commitMessage":"","appUris":{"documentUri":{"value":"/7942400125692627020/Nca9777bf-1925-4339-a10c-c19f011add9b-document.msapp"},"imageUris":[]},"createdTime":"0001-01-01T00:00:00Z","lastModifiedTime":"0001-01-01T00:00:00Z","sharedGroupsCount":0,"sharedUsersCount":0,"icons":{"smallIconUri":"/7942400125692627020/Nd88ad05d-83a0-46a6-9567-ef32faf40753-small.png","mediumIconUri":"/7942400125692627020/Nfceae156-00fc-4ce6-85ec-dba9bc5ed23a-medium.png","largeIconUri":"/7942400125692627020/Nbcc9047d-9b91-4643-b179-bffb0cd92ec5-large.png","wideIconUri":"/7942400125692627020/N60c43e4f-e2ef-49f5-bc09-1051cc10f24f-wide.png"},"connectionReferences":{"c03d2adc-c1c7-4728-be9a-2665382b568a":{"id":"ae49516d-31c0-4fec-b52d-6abd5bb3892f","displayName":"SQL Server","iconUri":"https://connectoricons-prod.azureedge.net/releases/v1.0.1517/1.0.1517.2563/sql/icon.png","dataSources":["FactInternetSales","FactFinance","FactCallCenter","FactSurveyResponse","t1_1","powerautomate.flowstatuslog"],"dependencies":[],"dependents":[],"parameterHints":{},"parameterHintsV2":{},"isOnPremiseConnection":false,"sharedConnectionId":"ce9abb7d-9ed2-4177-8788-e21cda1ed492","bypassConsent":false,"dataSets":{"hfpocws1.sql.azuresynapse.net,hfpocsqlpool1":{"dataSources":{"FactInternetSales":{"tableName":"[dbo].[FactInternetSales]"},"FactFinance":{"tableName":"[dbo].[FactFinance]"},"FactCallCenter":{"tableName":"[dbo].[FactCallCenter]"},"FactSurveyResponse":{"tableName":"[dbo].[FactSurveyResponse]"},"t1_1":{"tableName":"[dbo].[t1]"},"powerautomate.flowstatuslog":{"tableName":"[powerautomate].[flowstatuslog]"}}}},"apiTier":"Premium","isCustomApiConnection":false,"authenticationType":"sqlAuthentication","actions":["providers/PowerPlatform.Governance/Operations/Read"],"endpoints":["hfpocws1.sql.azuresynapse.net,hfpocsqlpool1"]},"386578ed-4ae7-4b85-a6d4-8fa94e182b40":{"id":"ec3611af-6b74-4887-b595-e4053e1038b9","displayName":"Logic flows","iconUri":"https://connectoricons-prod.azureedge.net/releases/v1.0.1438/1.0.1438.2324/logicflows/icon.png","dataSources":["SQLUpdate"],"dependencies":["e5dfa253-5054-4e84-b42c-995a643d756e"],"dependents":[],"parameterHints":{"workflowName":{"value":"4257a544-7c20-424d-8d0c-2cdc0dc0e7b1"},"workflowEntityId":{},"e5dfa253-5054-4e84-b42c-995a643d756e":{"value":"shared_sqldw_1"}},"parameterHintsV2":{"workflowName":{"value":"4257a544-7c20-424d-8d0c-2cdc0dc0e7b1"},"workflowEntityId":{},"shared_sqldw_1":{"value":"e5dfa253-5054-4e84-b42c-995a643d756e"}},"isOnPremiseConnection":false,"bypassConsent":false,"dataSets":{},"apiTier":"Standard","isCustomApiConnection":false,"actions":["Run"]},"e5dfa253-5054-4e84-b42c-995a643d756e":{"id":"803667e1-ca4f-44bc-8e10-c7848cfb9696","displayName":"Azure SQL Data Warehouse","iconUri":"https://connectoricons-prod.azureedge.net/releases/v1.0.1515/1.0.1515.2556/sqldw/icon.png","dataSources":[],"dependencies":[],"dependents":["386578ed-4ae7-4b85-a6d4-8fa94e182b40"],"parameterHints":{},"parameterHintsV2":{},"isOnPremiseConnection":false,"sharedConnectionId":"79c1e12b-505c-492e-9f5e-5aafc4432431","bypassConsent":false,"dataSets":{},"apiTier":"Premium","isCustomApiConnection":false,"authenticationType":"sqlAuthentication"}},"databaseReferences":{},"almMode":"Environment","performanceOptimizationEnabled":true,"canConsumeAppPass":true,"executionRestrictions":{"isTeamsOnly":false,"dataLossPreventionEvaluationResult":{"status":"Compliant","lastEvaluationDate":"2021-09-30T22:00:20.2168919Z","violations":[],"violationsByPolicy":[],"violationErrorMessage":"The app uses the following connectors: ."}}},"appType":"ClassicCanvasApp","appComponents":[]}}