{"name":"877c70e0-21f7-44f8-95cd-886457fb4e3b","id":"/providers/Microsoft.Flow/flows/877c70e0-21f7-44f8-95cd-886457fb4e3b","type":"Microsoft.Flow/flows","properties":{"apiId":"/providers/Microsoft.PowerApps/apis/shared_logicflows","displayName":"SynapseGetRuns","definition":{"metadata":{"workflowEntityId":null,"processAdvisorMetadata":null,"flowclientsuspensionreason":"None","flowclientsuspensiontime":null,"creator":{"id":"d6d97a3c-3ffe-4001-a0f2-5a806fcb5bab","type":"User","tenantId":"ddb72b0c-6ba3-4e40-8d34-ce9c6717bc94"},"provisioningMethod":"FromDefinition","failureAlertSubscription":true,"clientLastModifiedTime":"2021-10-07T04:14:21.4284987Z"},"$schema":"https://schema.management.azure.com/providers/Microsoft.Logic/schemas/2016-06-01/workflowdefinition.json#","contentVersion":"1.0.0.0","parameters":{"$connections":{"defaultValue":{},"type":"Object"},"$authentication":{"defaultValue":{},"type":"SecureObject"}},"triggers":{"manual":{"type":"Request","kind":"PowerApp","inputs":{"schema":{"type":"object","properties":{},"required":[]}}}},"actions":{"HTTP":{"runAfter":{},"type":"Http","inputs":{"method":"POST","uri":"https://35da38b3-96f6-4fa5-b23e-7f9e59d4becd.webhook.eus2.azure-automation.net/webhooks?token=%2fSizSWalh6PcXBDKsppTSCobfvFsnWJo05JlTcc8H2Q%3d","headers":{"Content-type":"application/json"},"body":{"ws":"synapsehiram2","days":"-7"}}},"Initialize_variable":{"runAfter":{"Parse_JSON":["Succeeded"]},"type":"InitializeVariable","inputs":{"variables":[{"name":"jobids","type":"string","value":"@{body('Parse_JSON')?['JobIds']}"}]}},"Parse_JSON":{"runAfter":{"HTTP":["Succeeded"]},"type":"ParseJson","inputs":{"content":"@body('HTTP')","schema":{"type":"object","properties":{"JobIds":{"type":"array","items":{"type":"string"}}}}}},"Apply_to_each":{"foreach":"@body('Parse_JSON')?['JobIds']","actions":{"Set_variable":{"runAfter":{},"type":"SetVariable","inputs":{"name":"jobids","value":"@items('Apply_to_each')"}}},"runAfter":{"Initialize_variable":["Succeeded"]},"type":"Foreach"},"Get_job_output":{"runAfter":{"Delay":["Succeeded"]},"type":"OpenApiConnection","inputs":{"host":{"apiId":"/providers/Microsoft.PowerApps/apis/shared_azureautomation","connectionName":"shared_azureautomation","operationId":"GetJobOutput"},"parameters":{"subscriptionId":"eaab21d5-8ecd-4ef0-a0c4-92fac2e22875","resourceGroupName":"rig","automationAccount":"sweetlou","jobId":"@variables('jobids')"},"authentication":{"value":"@json(decodeBase64(triggerOutputs().headers['X-MS-APIM-Tokens']))['$ConnectionKey']","type":"Raw"}}},"Delay":{"runAfter":{"Apply_to_each":["Succeeded"]},"type":"Wait","inputs":{"interval":{"count":30,"unit":"Second"}}},"Respond_to_a_PowerApp_or_flow":{"runAfter":{"Get_job_output":["Succeeded"]},"type":"Response","kind":"PowerApp","inputs":{"statusCode":200,"body":{"content":"@{outputs('Get_job_output')?['body']}"},"schema":{"type":"object","properties":{"content":{"title":"Content","x-ms-dynamically-added":true,"type":"string"}}}}}}},"connectionReferences":{"shared_azureautomation":{"connectionName":"f55c66f93755409384fae868eae519cd","source":"Invoker","id":"/providers/Microsoft.PowerApps/apis/shared_azureautomation","tier":"NotSpecified"}},"flowFailureAlertSubscribed":false}}