{"name":"ce685829-39a7-46b4-8d11-5f274dbdd713","id":"/providers/Microsoft.Flow/flows/ce685829-39a7-46b4-8d11-5f274dbdd713","type":"Microsoft.Flow/flows","properties":{"apiId":"/providers/Microsoft.PowerApps/apis/shared_logicflows","displayName":"ADBJobsRun","definition":{"metadata":{"workflowEntityId":null,"processAdvisorMetadata":null,"flowclientsuspensionreason":"None","flowclientsuspensiontime":null,"creator":{"id":"d6d97a3c-3ffe-4001-a0f2-5a806fcb5bab","type":"User","tenantId":"ddb72b0c-6ba3-4e40-8d34-ce9c6717bc94"},"provisioningMethod":"FromDefinition","failureAlertSubscription":true,"clientLastModifiedTime":"2021-10-06T18:28:10.2770195Z"},"$schema":"https://schema.management.azure.com/providers/Microsoft.Logic/schemas/2016-06-01/workflowdefinition.json#","contentVersion":"1.0.0.0","parameters":{"$authentication":{"defaultValue":{},"type":"SecureObject"}},"triggers":{"manual":{"type":"Request","kind":"PowerApp","inputs":{"schema":{"type":"object","properties":{},"required":[]}}}},"actions":{"HTTP":{"runAfter":{},"type":"Http","inputs":{"method":"GET","uri":"https://api.wheretheiss.at/v1/satellites/25544"}},"Parse_JSON":{"runAfter":{"HTTP":["Succeeded"]},"type":"ParseJson","inputs":{"content":"@body('HTTP')","schema":{"type":"object","properties":{"name":{"type":"string"},"id":{"type":"integer"},"latitude":{"type":"number"},"longitude":{"type":"number"},"altitude":{"type":"number"},"velocity":{"type":"number"},"visibility":{"type":"string"},"footprint":{"type":"number"},"timestamp":{"type":"integer"},"daynum":{"type":"number"},"solar_lat":{"type":"number"},"solar_lon":{"type":"number"},"units":{"type":"string"}}}}},"HTTP_2":{"runAfter":{},"type":"Http","inputs":{"method":"POST","uri":"https://adb-1962311870977623.3.azuredatabricks.net/api/2.0/jobs/run-now","headers":{"Authorization":"Bearer dapi6d7e8e4bd47c7a18de190a5f0316d1db-3","Content-Type":"application/json"},"body":{"job_id":305}}},"Parse_JSON_2":{"runAfter":{"HTTP_2":["Succeeded"]},"type":"ParseJson","inputs":{"content":"@body('HTTP_2')","schema":{"type":"object","properties":{"run_id":{"type":"integer"},"number_in_job":{"type":"integer"}}}}},"Respond_to_a_PowerApp_or_flow":{"runAfter":{"Parse_JSON_2":["Succeeded"]},"type":"Response","kind":"PowerApp","inputs":{"statusCode":200,"body":{"run_id":"@{body('Parse_JSON_2')?['run_id']}","number_in_job":"@{body('Parse_JSON_2')?['number_in_job']}"},"schema":{"type":"object","properties":{"run_id":{"title":"run_id","x-ms-dynamically-added":true,"type":"string"},"number_in_job":{"title":"number_in_job","x-ms-dynamically-added":true,"type":"string"}}}}}}},"connectionReferences":{},"flowFailureAlertSubscribed":false}}