{"schemaVersion":"1.0","appDefinitionTemplate":{"id":"/providers/Microsoft.PowerApps/apps/","type":"Microsoft.PowerApps/apps","tags":{"primaryDeviceWidth":"1366","primaryDeviceHeight":"768","sienaVersion":"20211010T171211Z-3.21093.33.0","deviceCapabilities":"","supportsPortrait":"true","supportsLandscape":"true","primaryFormFactor":"Tablet","publisherVersion":"3.21093.33","minimumRequiredApiVersion":"2.2.0","hasComponent":"false","hasUnlockedComponent":"false","isUnifiedRootApp":"false"},"properties":{"appVersion":"2021-10-10T17:12:11Z","lifeCycleId":"Published","createdByClientVersion":{"major":3,"minor":21093,"build":33,"revision":0,"majorRevision":0,"minorRevision":0},"minClientVersion":{"major":3,"minor":21093,"build":33,"revision":0,"majorRevision":0,"minorRevision":0},"backgroundColor":"rgba(39, 113, 194, 1)","backgroundImageUri":"/7942400125692627020/N0d08548a-7523-44d2-a3a6-92c22294cfde-logoSmallFile","displayName":"UniParksDemo","description":"","commitMessage":"fixed log refresh button","appUris":{"documentUri":{"value":"/7942400125692627020/N0d723755-2ef2-488b-8fb1-d2ec03d9af6f-document.msapp"},"imageUris":[]},"createdTime":"0001-01-01T00:00:00Z","lastModifiedTime":"0001-01-01T00:00:00Z","sharedGroupsCount":0,"sharedUsersCount":0,"icons":{"smallIconUri":"/7942400125692627020/Nbd26db74-12db-46eb-8173-7a833296a11f-small.png","mediumIconUri":"/7942400125692627020/Nd76a9c29-fff5-4116-98ce-230bc343b9f0-medium.png","largeIconUri":"/7942400125692627020/N5a2b2422-8362-4d76-b58d-92d2378073c6-large.png","wideIconUri":"/7942400125692627020/N5584a320-c195-46de-9894-fb73596a5cdd-wide.png"},"connectionReferences":{"c03d2adc-c1c7-4728-be9a-2665382b568a":{"id":"ae49516d-31c0-4fec-b52d-6abd5bb3892f","displayName":"SQL Server","iconUri":"https://connectoricons-prod.azureedge.net/releases/v1.0.1517/1.0.1517.2563/sql/icon.png","dataSources":["t1_1","powerautomate.flowstatuslog","t2","t3"],"dependencies":[],"dependents":[],"parameterHints":{},"parameterHintsV2":{},"isOnPremiseConnection":false,"sharedConnectionId":"ce9abb7d-9ed2-4177-8788-e21cda1ed492","bypassConsent":false,"dataSets":{"hfpocws1.sql.azuresynapse.net,hfpocsqlpool1":{"dataSources":{"t1_1":{"tableName":"[dbo].[t1]"},"powerautomate.flowstatuslog":{"tableName":"[powerautomate].[flowstatuslog]"},"t2":{"tableName":"[dbo].[t2]"},"t3":{"tableName":"[dbo].[t3]"}}}},"apiTier":"Premium","isCustomApiConnection":false,"authenticationType":"sqlAuthentication","actions":["providers/PowerPlatform.Governance/Operations/Read"],"endpoints":["hfpocws1.sql.azuresynapse.net,hfpocsqlpool1"]},"386578ed-4ae7-4b85-a6d4-8fa94e182b40":{"id":"ec3611af-6b74-4887-b595-e4053e1038b9","displayName":"Logic flows","iconUri":"https://connectoricons-prod.azureedge.net/releases/v1.0.1438/1.0.1438.2324/logicflows/icon.png","dataSources":["SQLUpdate"],"dependencies":["e5dfa253-5054-4e84-b42c-995a643d756e"],"dependents":[],"parameterHints":{"workflowName":{"value":"4257a544-7c20-424d-8d0c-2cdc0dc0e7b1"},"workflowEntityId":{},"e5dfa253-5054-4e84-b42c-995a643d756e":{"value":"shared_sqldw_1"}},"parameterHintsV2":{"workflowName":{"value":"4257a544-7c20-424d-8d0c-2cdc0dc0e7b1"},"workflowEntityId":{},"shared_sqldw_1":{"value":"e5dfa253-5054-4e84-b42c-995a643d756e"}},"isOnPremiseConnection":false,"bypassConsent":false,"dataSets":{},"apiTier":"Standard","isCustomApiConnection":false,"actions":["Run"]},"e5dfa253-5054-4e84-b42c-995a643d756e":{"id":"803667e1-ca4f-44bc-8e10-c7848cfb9696","displayName":"Azure SQL Data Warehouse","iconUri":"https://connectoricons-prod.azureedge.net/releases/v1.0.1515/1.0.1515.2556/sqldw/icon.png","dataSources":[],"dependencies":[],"dependents":["386578ed-4ae7-4b85-a6d4-8fa94e182b40","7005318b-efcb-49bd-bb10-f6b9fe48cdf1","6969e142-f9b8-47e0-9559-4f68bf8f6ac0"],"parameterHints":{},"parameterHintsV2":{},"isOnPremiseConnection":false,"sharedConnectionId":"79c1e12b-505c-492e-9f5e-5aafc4432431","bypassConsent":false,"dataSets":{},"apiTier":"Premium","isCustomApiConnection":false,"authenticationType":"sqlAuthentication"},"eb5d6569-77e2-4fb8-b875-69bd242947fe":{"id":"ec3611af-6b74-4887-b595-e4053e1038b9","displayName":"Logic flows","iconUri":"https://connectoricons-prod.azureedge.net/releases/v1.0.1438/1.0.1438.2324/logicflows/icon.png","dataSources":["ADBJobsList"],"dependencies":[],"dependents":[],"parameterHints":{"workflowName":{"value":"c1765ce3-a080-47d0-bcb5-73f132a34514"},"workflowEntityId":{}},"parameterHintsV2":{"workflowName":{"value":"c1765ce3-a080-47d0-bcb5-73f132a34514"},"workflowEntityId":{}},"isOnPremiseConnection":false,"bypassConsent":false,"dataSets":{},"apiTier":"Standard","isCustomApiConnection":false,"actions":["Run"]},"8ace5cb3-187c-425c-8d0b-50b3fade8ab1":{"id":"ec3611af-6b74-4887-b595-e4053e1038b9","displayName":"Logic flows","iconUri":"https://connectoricons-prod.azureedge.net/releases/v1.0.1438/1.0.1438.2324/logicflows/icon.png","dataSources":["ADBJobsRun"],"dependencies":[],"dependents":[],"parameterHints":{"workflowName":{"value":"d014b19a-60e8-48bd-bc31-9d1ff62d843f"},"workflowEntityId":{}},"parameterHintsV2":{"workflowName":{"value":"d014b19a-60e8-48bd-bc31-9d1ff62d843f"},"workflowEntityId":{}},"isOnPremiseConnection":false,"bypassConsent":false,"dataSets":{},"apiTier":"Standard","isCustomApiConnection":false,"actions":["Run"]},"1d323e4f-4a88-4e10-870f-345ff8ab708f":{"id":"ec3611af-6b74-4887-b595-e4053e1038b9","displayName":"Logic flows","iconUri":"https://connectoricons-prod.azureedge.net/releases/v1.0.1438/1.0.1438.2324/logicflows/icon.png","dataSources":["SynapseGetRuns"],"dependencies":["da52f5db-1869-449a-8f20-01e54acb3fce"],"dependents":[],"parameterHints":{"workflowName":{"value":"8dd92126-08dc-4aaa-a9d4-03f057a52982"},"workflowEntityId":{},"da52f5db-1869-449a-8f20-01e54acb3fce":{"value":"shared_azureautomation"}},"parameterHintsV2":{"workflowName":{"value":"8dd92126-08dc-4aaa-a9d4-03f057a52982"},"workflowEntityId":{},"shared_azureautomation":{"value":"da52f5db-1869-449a-8f20-01e54acb3fce"}},"isOnPremiseConnection":false,"bypassConsent":false,"dataSets":{},"apiTier":"Standard","isCustomApiConnection":false,"actions":["Run"]},"da52f5db-1869-449a-8f20-01e54acb3fce":{"id":"7efc7c89-ff22-4b83-990b-0349ff834727","displayName":"Azure Automation","iconUri":"https://connectoricons-prod.azureedge.net/releases/v1.0.1511/1.0.1511.2542/azureautomation/icon.png","dataSources":[],"dependencies":[],"dependents":["1d323e4f-4a88-4e10-870f-345ff8ab708f"],"parameterHints":{},"parameterHintsV2":{},"isOnPremiseConnection":false,"bypassConsent":false,"dataSets":{},"apiTier":"Premium","isCustomApiConnection":false},"b721ce9d-60c4-46d3-97d1-335b1b103985":{"id":"ec3611af-6b74-4887-b595-e4053e1038b9","displayName":"Logic flows","iconUri":"https://connectoricons-prod.azureedge.net/releases/v1.0.1438/1.0.1438.2324/logicflows/icon.png","dataSources":["SynapseRunJob"],"dependencies":[],"dependents":[],"parameterHints":{"workflowName":{"value":"7b9fef3f-f3ed-4f37-b81e-574efd773e4e"},"workflowEntityId":{}},"parameterHintsV2":{"workflowName":{"value":"7b9fef3f-f3ed-4f37-b81e-574efd773e4e"},"workflowEntityId":{}},"isOnPremiseConnection":false,"bypassConsent":false,"dataSets":{},"apiTier":"Standard","isCustomApiConnection":false,"actions":["Run"]},"17b4aa22-59ef-44e6-9f78-29bd84066e18":{"id":"ae49516d-31c0-4fec-b52d-6abd5bb3892f","displayName":"SQL Server","iconUri":"https://connectoricons-prod.azureedge.net/releases/v1.0.1517/1.0.1517.2563/sql/icon.png","dataSources":["t3_1"],"dependencies":[],"dependents":[],"parameterHints":{},"parameterHintsV2":{},"isOnPremiseConnection":false,"sharedConnectionId":"76cf4f41-42ce-4a52-a254-92fcdd334ca9","bypassConsent":false,"dataSets":{"hiramsqldb.database.windows.net,hiramsqldb":{"dataSources":{"t3_1":{"tableName":"[dbo].[t3]"}}}},"apiTier":"Premium","isCustomApiConnection":false,"authenticationType":"sqlAuthentication","actions":["providers/PowerPlatform.Governance/Operations/Read"],"endpoints":["hiramsqldb.database.windows.net,hiramsqldb"]},"7005318b-efcb-49bd-bb10-f6b9fe48cdf1":{"id":"ec3611af-6b74-4887-b595-e4053e1038b9","displayName":"Logic flows","iconUri":"https://connectoricons-prod.azureedge.net/releases/v1.0.1438/1.0.1438.2324/logicflows/icon.png","dataSources":["SQLUpdate_t2"],"dependencies":["e5dfa253-5054-4e84-b42c-995a643d756e"],"dependents":[],"parameterHints":{"workflowName":{"value":"3a3dae05-50f9-4dd1-a755-87e2151c204a"},"workflowEntityId":{},"e5dfa253-5054-4e84-b42c-995a643d756e":{"value":"shared_sqldw"}},"parameterHintsV2":{"workflowName":{"value":"3a3dae05-50f9-4dd1-a755-87e2151c204a"},"workflowEntityId":{},"shared_sqldw":{"value":"e5dfa253-5054-4e84-b42c-995a643d756e"}},"isOnPremiseConnection":false,"bypassConsent":false,"dataSets":{},"apiTier":"Standard","isCustomApiConnection":false,"actions":["Run"]},"6969e142-f9b8-47e0-9559-4f68bf8f6ac0":{"id":"ec3611af-6b74-4887-b595-e4053e1038b9","displayName":"Logic flows","iconUri":"https://connectoricons-prod.azureedge.net/releases/v1.0.1438/1.0.1438.2324/logicflows/icon.png","dataSources":["SQLUpdate_t3"],"dependencies":["e5dfa253-5054-4e84-b42c-995a643d756e"],"dependents":[],"parameterHints":{"workflowName":{"value":"6d736de3-cc87-44ea-9f9c-a43865aee7e8"},"workflowEntityId":{},"e5dfa253-5054-4e84-b42c-995a643d756e":{"value":"shared_sqldw"}},"parameterHintsV2":{"workflowName":{"value":"6d736de3-cc87-44ea-9f9c-a43865aee7e8"},"workflowEntityId":{},"shared_sqldw":{"value":"e5dfa253-5054-4e84-b42c-995a643d756e"}},"isOnPremiseConnection":false,"bypassConsent":false,"dataSets":{},"apiTier":"Standard","isCustomApiConnection":false,"actions":["Run"]},"40bb7306-b3ca-429d-a2e1-e29390fce589":{"id":"ae49516d-31c0-4fec-b52d-6abd5bb3892f","displayName":"SQL Server","iconUri":"https://connectoricons-prod.azureedge.net/releases/v1.0.1517/1.0.1517.2563/sql/icon.png","dataSources":["DemoTables"],"dependencies":[],"dependents":[],"parameterHints":{},"parameterHintsV2":{},"isOnPremiseConnection":false,"sharedConnectionId":"1b5c179b-8aca-4fd9-9e58-8ed58558825b","bypassConsent":false,"dataSets":{"hfpocws1.sql.azuresynapse.net,hfpocsqlpool1":{"dataSources":{"DemoTables":{"tableName":"[dbo].[DemoTables]"}}}},"apiTier":"Premium","isCustomApiConnection":false,"authenticationType":"sqlAuthentication","actions":["providers/PowerPlatform.Governance/Operations/Read"],"endpoints":["hfpocws1.sql.azuresynapse.net,hfpocsqlpool1"]}},"databaseReferences":{},"almMode":"Environment","performanceOptimizationEnabled":true,"canConsumeAppPass":true,"executionRestrictions":{"isTeamsOnly":false,"dataLossPreventionEvaluationResult":{"status":"Compliant","lastEvaluationDate":"2021-09-30T22:00:20.2168919Z","violations":[],"violationsByPolicy":[],"violationErrorMessage":"The app uses the following connectors: ."}}},"appType":"ClassicCanvasApp","appComponents":[]}}