{"schemaVersion":"1.0","appDefinitionTemplate":{"id":"/providers/Microsoft.PowerApps/apps/","type":"Microsoft.PowerApps/apps","tags":{"primaryDeviceWidth":"1366","primaryDeviceHeight":"768","sienaVersion":"20211006T040427Z-3.21092.24.0","deviceCapabilities":"","supportsPortrait":"true","supportsLandscape":"true","primaryFormFactor":"Tablet","publisherVersion":"3.21092.24","minimumRequiredApiVersion":"2.2.0","hasComponent":"false","hasUnlockedComponent":"false","isUnifiedRootApp":"false"},"properties":{"appVersion":"2021-10-06T04:04:27Z","lifeCycleId":"Published","createdByClientVersion":{"major":3,"minor":21092,"build":24,"revision":0,"majorRevision":0,"minorRevision":0},"minClientVersion":{"major":3,"minor":21092,"build":24,"revision":0,"majorRevision":0,"minorRevision":0},"backgroundColor":"rgba(39, 113, 194, 1)","backgroundImageUri":"/7942400125692627020/N28c5306f-d13f-4604-ad9b-ccd5c14a63fa-logoSmallFile","displayName":"UniParksDemo","description":"","commitMessage":"added lookup","appUris":{"documentUri":{"value":"/7942400125692627020/Ne29cbcf8-5c95-4d6e-9652-29376a09c28f-document.msapp"},"imageUris":[]},"createdTime":"0001-01-01T00:00:00Z","lastModifiedTime":"0001-01-01T00:00:00Z","sharedGroupsCount":0,"sharedUsersCount":0,"icons":{"smallIconUri":"/7942400125692627020/Ncaaa0fb5-ac20-4a3a-b1c9-d5a7af728c29-small.png","mediumIconUri":"/7942400125692627020/N09113de1-4473-412d-8fba-85e4c74fed8d-medium.png","largeIconUri":"/7942400125692627020/N1bc3a56e-c9ea-4e6e-9934-fb9255f779b4-large.png","wideIconUri":"/7942400125692627020/N34a92c70-e5ff-4d90-a97f-8dbe51a2f38e-wide.png"},"connectionReferences":{"c03d2adc-c1c7-4728-be9a-2665382b568a":{"id":"ae49516d-31c0-4fec-b52d-6abd5bb3892f","displayName":"SQL Server","iconUri":"https://connectoricons-prod.azureedge.net/releases/v1.0.1517/1.0.1517.2563/sql/icon.png","dataSources":["FactInternetSales","FactFinance","FactCallCenter","FactSurveyResponse","t1_1","powerautomate.flowstatuslog"],"dependencies":[],"dependents":[],"parameterHints":{},"parameterHintsV2":{},"isOnPremiseConnection":false,"sharedConnectionId":"ce9abb7d-9ed2-4177-8788-e21cda1ed492","bypassConsent":false,"dataSets":{"hfpocws1.sql.azuresynapse.net,hfpocsqlpool1":{"dataSources":{"FactInternetSales":{"tableName":"[dbo].[FactInternetSales]"},"FactFinance":{"tableName":"[dbo].[FactFinance]"},"FactCallCenter":{"tableName":"[dbo].[FactCallCenter]"},"FactSurveyResponse":{"tableName":"[dbo].[FactSurveyResponse]"},"t1_1":{"tableName":"[dbo].[t1]"},"powerautomate.flowstatuslog":{"tableName":"[powerautomate].[flowstatuslog]"}}}},"apiTier":"Premium","isCustomApiConnection":false,"authenticationType":"sqlAuthentication","actions":["providers/PowerPlatform.Governance/Operations/Read"],"endpoints":["hfpocws1.sql.azuresynapse.net,hfpocsqlpool1"]},"64d0aa49-cc89-46e9-8c2a-6b5fcde018f0":{"id":"ec3611af-6b74-4887-b595-e4053e1038b9","displayName":"Logic flows","iconUri":"https://connectoricons-prod.azureedge.net/releases/v1.0.1438/1.0.1438.2324/logicflows/icon.png","dataSources":["SQL"],"dependencies":["deb53a79-e630-41d4-ad86-bca0d4dae6b3"],"dependents":[],"parameterHints":{"workflowName":{"value":"4257a544-7c20-424d-8d0c-2cdc0dc0e7b1"},"workflowEntityId":{},"deb53a79-e630-41d4-ad86-bca0d4dae6b3":{"value":"shared_sql_1"}},"parameterHintsV2":{"workflowName":{"value":"4257a544-7c20-424d-8d0c-2cdc0dc0e7b1"},"workflowEntityId":{},"shared_sql_1":{"value":"deb53a79-e630-41d4-ad86-bca0d4dae6b3"}},"isOnPremiseConnection":false,"bypassConsent":false,"dataSets":{},"apiTier":"Standard","isCustomApiConnection":false},"deb53a79-e630-41d4-ad86-bca0d4dae6b3":{"id":"ae49516d-31c0-4fec-b52d-6abd5bb3892f","displayName":"SQL Server","iconUri":"https://connectoricons-prod.azureedge.net/releases/v1.0.1517/1.0.1517.2563/sql/icon.png","dataSources":[],"dependencies":[],"dependents":["64d0aa49-cc89-46e9-8c2a-6b5fcde018f0"],"parameterHints":{},"parameterHintsV2":{},"isOnPremiseConnection":false,"sharedConnectionId":"1b5c179b-8aca-4fd9-9e58-8ed58558825b","bypassConsent":false,"dataSets":{},"apiTier":"Premium","isCustomApiConnection":false,"authenticationType":"sqlAuthentication","actions":["providers/PowerPlatform.Governance/Operations/Read"],"endpoints":["hfpocws1.sql.azuresynapse.net,hfpocsqlpool1"]},"a63f5b2e-b12f-43d9-b61e-7496819d6dd3":{"id":"ae49516d-31c0-4fec-b52d-6abd5bb3892f","displayName":"SQL Server","iconUri":"https://connectoricons-prod.azureedge.net/releases/v1.0.1517/1.0.1517.2563/sql/icon.png","dataSources":["t1"],"dependencies":[],"dependents":[],"parameterHints":{},"parameterHintsV2":{},"isOnPremiseConnection":false,"sharedConnectionId":"f6f73227-e579-41e9-ad95-3c4b408fe711","bypassConsent":false,"dataSets":{"hiramsqldb.database.windows.net,hiramsqldb":{"dataSources":{"t1":{"tableName":"[dbo].[t1]"}}}},"apiTier":"Premium","isCustomApiConnection":false,"authenticationType":"sqlAuthentication","actions":["providers/PowerPlatform.Governance/Operations/Read"],"endpoints":["hiramsqldb.database.windows.net,hiramsqldb"]}},"databaseReferences":{},"almMode":"Environment","performanceOptimizationEnabled":true,"canConsumeAppPass":true,"executionRestrictions":{"isTeamsOnly":false,"dataLossPreventionEvaluationResult":{"status":"Compliant","lastEvaluationDate":"2021-09-30T22:00:20.2168919Z","violations":[],"violationsByPolicy":[],"violationErrorMessage":"The app uses the following connectors: ."}}},"appType":"ClassicCanvasApp","appComponents":[]}}